American Tourister 32 Ltrs Black Casual Backpack (AMT FIZZ SCH BAG 02 - BLACK),"1,199",4.1,"(51,380)",/American-Tourister-AMT-SCH-02/dp/B07CJCGM1M
Wesley Milestone 2.0 Casual Waterproof Laptop Backpack/Office Bag/School Bag/College Bag/Business Bag/Travel Backpack (Dimensions:13x18 inches) (Compatible with 39.62cm(15.6inch laptop) 30 L (Blue & black),565,4.3,"(9,233)",/Wesley-Milestone-Waterproof-Backpack-Business/dp/B084JGJ8PF
Skybags Brat Black 46 Cms Casual Backpack,669,4.1,"(3,373)",/Skybags-Brat-Black-Casual-Backpack/dp/B08Z1HHHTD
ADISA 15.6 inch Laptop Backpack Office Bag College Travel Back Pack 32 Ltrs (z-Navy Blue),499,3.9,(463),/ADISA-Laptop-Backpack-Office-College/dp/B09TPX22NF
"Safari Flash Casual Backpack, 26 ltr Water Resistant Travel Bags| Weight Polyester Bagpack for Men and Women, Spacious Shoulder Bag for College, Office, Travelling and Camping",699,3.9,"(2,191)",/Safari-Backpack-Resistant-Polyester-Travelling/dp/B09B29F66W
"Mi Step Out 12 L Mini Backpack (Small Size, Black, Water Repellant)",349,4.1,"(7,634)",/Backpack-Small-Black-Water-Repellant/dp/B088XB5XY8
DEIN KLEIDER Men's Nylon Messenger Bag,349,4.0,"(4,398)",/Kleider-Travel-Business-Messenger-Shoulder/dp/B084ZHP97M
"AirCase Laptop Bag Backpack Case Pouch for Laptop Backpack for Men & Women,Premium Vegan Leather",999,3.9,(712),/AirCase-C34-Laptop-Backpack-Women/dp/B07QN4KXWG
ADISA Light Weight Laptop Backpack 32 Ltrs,499,4.0,"(5,549)",/ADISA-BP005-Weight-Casual-Backpack/dp/B07F3X45WZ
Half Moon Large 37L Laptop Bag Backpack for menं Women Boys and Girls Luggage Travel Bags with 17.3 inches Laptop Compartment & Rain Cover,849,3.9,"(2,129)",/Half-Moon-Backpack-Luggage-Compartment/dp/B09VCLZ3K4
ADISA Laptop Backpack 31 Ltrs,499,4.0,"(8,992)",/ADISA-BP004-Weight-Casual-Backpack/dp/B07G3CG9FC
"Safari Quill Laptop Backpack 26 Ltrs Water Resistant Fabric - Black, L (QUILL19CBBLK)",899,3.9,(675),/Safari-Laptop-Backpack-Resistant-Fabric/dp/B09B25Z8M2
Bennett™ Mystic Formal Business Briefcase Bag Crossbody Messenger College Bags For Men Women MacBook INoteBook ITablet Laptop Upto 15.6 Inch | Handbags with Shoulder Straps (Blue) 6 Months Warranty,512,4.1,"(4,862)",/Bennett-Mystic-Shoulder-Messenger-Repellent/dp/B08X2T2M8G
"Mi Step Out 12 L Mini Backpack (Small Size, Dark Blue, Water Repellant)",299,4.1,"(7,634)",/Step-Backpack-Small-Water-Repellant/dp/B088XH1BP7
Gear Aspire 30L Water Restant Office Laptop Bag/Backpack for Men/Women/(Black),"1,247",4.3,"(4,881)",/Gear-Black-Laptop-Backpack-LBPASPIRE0104/dp/B075MK4TXP
Tommy Hilfiger Joshua 15 inch 21 Ltrs Light Grey Laptop Backpack (TH/JOSHUALAP07),"2,239",3.9,(366),/Hilfiger-Joshua-Backpack-TH-JOSHUALAP01/dp/B07N8GRWTZ
"Kuber Industries Large Size Crystal Clear Plastic Cosmetic Bags Travel PVC Vinyl Toiletry Bag, Zipper Large Transparent Waterproof Make-Up Case Organizer Bag (Blue) (F_26_KUBBMART017038)",244.,3.8,(20),/Kuber-Industries-Transparent-Waterproof-F_26_KUBBMART017038/dp/B08WK5WQ3K
ADISA Women Girls Stripes Cross Body Sling Bag,575,4.4,(79),/ADISA-Women-Girls-Stripes-SL5100-BRO_Brown/dp/B0BD63DRLZ
Lino Perros Sling bag,889,4.2,(153),/Lino-Perros-Womens-Sling-Blue/dp/B07GKV281L
Gear Parker 23L Water Resistant Anti Theft Laptop Bag/Backpack for Men/Women - Black,649,4.3,(302),/Gear-Executive-Anti-Theft-Backpack-BKPPKREXE0101/dp/B097KCMQKG
F Gear Lattitude Blue Navy Orange Sports Waist Bag (3686),449,4.3,(153),/F-Gear-Lattitude-Blue-Navy-Orange-Sports-Waist-Bag/dp/B08NYH3WJD
Lavie Women's Betula Medium Tote Bag | Ladies Purse Handbag,"1,037.",4.1,"(18,219)",/Lavie-Betula-Womens-Tote-Black/dp/B08HWFWGNX
Baggit Women's Sling Bag - Medium (Beige),579,4.5,(2),/Baggit-Womens-Sling-Bag-Beige/dp/B0B441G1G6
ADISA Light Weight Laptop Backpack 32 Ltrs,499,4.0,"(5,549)",/ADISA-BP005-Weight-Casual-Backpack/dp/B07F3VDBV5
LEGAL BRIBE Checkered Sling,760,3.9,(231),/LEGAL-BRIBE-Womens-Checkered-Sling/dp/B098JQJ7VV
ZOUK Black Printed Handmade Vegan Leather Women's Office Bag for 15.6 inch Laptop with Double Handles - Lattice Lace,"1,699",4.4,"(1,694)",/Womens-Lattice-Office-leather-adjustable/dp/B07VNMWWRX
NIVIA Sports Space Polyester Gym Bag/Unisex Gym Bags/Adjustable Shoulder Bag for Men/Duffle Gym Bags for Men/Fitness Bag/Sports and Travel Bag/Sports Kit/Duffle Bags Travel (Orange/Grey),775,4.1,(43),/Nivia-5412OG-Polyester-Sports-Orange/dp/B07HCP7W3K
StarX Nylon 15 Cms Gym Bag(Orange Bag_Orange),237,3.7,(135),/StarX-Compact-Nylon-Mesh-Medium-Orange/dp/B01NBTOX54
F Gear String 13 Ltr Gym Bag (Black),189,4.2,(33),/F-Gear-String-LTR-Gym-Bag/dp/B07L4ZNBPQ
KILLER Casual College Bags Munich 29L Trendy Polyester Laptop Backpack,986,4.2,(712),/KILLER-Polyester-Orange-Laptop-Backpack/dp/B07B516P18
Caprese Women's Sling bag,"1,279",4.0,"(1,162)",/Caprese-Yondella-Womens-Medium-Synthetic/dp/B07TY4NDVF
Gear Vintage2 Anti Theft Faux Leather 18 cms Tan Laptop Backpack,"1,049",4.4,"(1,404)",/Gear-Vintage2-Leather-Backpack-LBPVG2LTH1901/dp/B07G4F3758
Truvic Polyster Black Light Weight Laptop Bag 30 ltrs Laptop Backpack for Upto 15.6 inch Laptop (Black),599,3.4,(629),/Aavishkar-Polyster-Weight-Laptop-Backpack/dp/B08DLL3794
Caprese Women's Sling bag,"1,279",4.0,"(1,162)",/Caprese-Yondella-Womens-Medium-Synthetic/dp/B07TY4NDVF
"NIVIA ‘Ball Carrying Bag’ for 9 Balls, Polyester, Black",566,4.4,(66),/Nivia-783-Polyester-Carrying-Balls/dp/B072KWMD1F
Gear Vintage2 Anti Theft Faux Leather 18 cms Tan Laptop Backpack,"1,049",4.4,"(1,404)",/Gear-Vintage2-Leather-Backpack-LBPVG2LTH1901/dp/B07G4F3758
ZOUK Black Printed Handmade Vegan Leather Women's Office Bag for 15.6 inch Laptop with Double Handles - Lattice Lace,"1,699",4.4,"(1,694)",/Womens-Lattice-Office-leather-adjustable/dp/B07VNMWWRX
ASIAN Eco-Friendly Jute Hand Bag-Reusable Tiffin Shopping Grocery Multipurpose Hand Bag with Zip & Handle for Men and Women,197,4.1,(220),/Eco-Friendly-Bag-Reusable-Shopping-Grocery-Multipurpose/dp/B09V5PVDTC
"Amazon Basics Camera Sling Bag, for DSLR Camera with Lens, Accessories, Adjustable Padded Strap, Black","1,579",4.3,"(2,859)",/AmazonBasics-SM1603111P-Camera-Sling-Bag/dp/B01FRDSAYW
Lavie Pavo Women's Tote Bag,945.,4.1,"(4,515)",/Lavie-Pavo-Womens-Tote-Bag/dp/B08YZ49632
"Kuber Industries Women's Handcrafted Embroidered Clutch Bag (Grey, CTKTC034517)",345.,3.7,(255),/Kuber-Industries-Handcrafted-Embroidered-Handbag/dp/B082VFZP9C
SHREY KARE Wheelie Bag ONE Size (Black),"2,149",4.3,(135),/SHREY-KARE-Wheelie-Size-Black/dp/B09XR1T92Z
"AirCase Anti-Gravity Backpack for Men & Women, Weight Reducing 15.6” Laptop Bag for Travel & Office, Ergonomic Technology for Posture & Muscle Support, Patent Protected, In-built Shock Absorber","4,099",3.9,(34),/AirCase-Anti-Gravity-Ergonomic-Technology-Protected/dp/B0B87NB61B
"F Gear Blow Laptop Backpack With Rain Cover 32 Liters (Black,Grey) Sch Bag","1,039",4.3,"(1,245)",/F-Gear-Blow-Laptop-Backpack/dp/B078J63VRY
Fristo Women's Handbag (FRB-315_Red),498,3.9,"(5,541)",/Fristo-FRB-315-Red-Women-Handbag/dp/B07MNRTDK5
"AirCase Laptop Messenger Bag Case Cover Pouch for 13.3-Inch, 14-Inch Laptop Bag for Men & Women (Blue)",949,4.1,"(2,565)",/AirCase-C26-Messenger-Laptop-Shoulder/dp/B07P417566
HEROZ Hacker 50 litres Nylon Travel Laptop Backpack Water Resistant Slim Durable Computer Book Bag Tracking Fits Up to 17.3-inch Laptop (058- All) (Grey & Red),"1,519",4.1,"(3,683)",/HEROZ-Backpack-Resistant-Computer-17-3-inch/dp/B083N53TWB
"FUR JADEN Travel Laptop Backpack, Business Backpacks with USB Charging Port, Water Resistant College School Computer Bag for Men & Women Fits Under 15.6 inch Laptop and Notebook",989,4.1,(79),/Backpack-Business-Backpacks-Charging-Resistant/dp/B094DGXXR5
"FUR JADEN Travel Laptop Backpack, Business Backpacks with USB Charging Port, Water Resistant College School Computer Bag for Men & Women Fits Under 15.6 inch Laptop and Notebook",989,4.1,(79),/Backpack-Business-Backpacks-Charging-Resistant/dp/B094DGXXR5
Tabelito® Basic Laptop Bag Sleeve Case Cover Pouch for 15.6 Inch(39.6cm) Laptop Apple / Dell / Lenovo / Asus / Hp / Samsung / Mi / MacBook / Ultrabook / Thinkpad / Ideapad / Surfacepro (Blue),449,4.2,"(1,822)",/Tabelito%C2%AE-Basic-Laptop-Sleeve-Surfacepro/dp/B09NDTCZ4N
"uppercase Medium 17 Ltrs Vegan Leather (14.6 inch) Laptop Backpack 2300EBP1 3x more water resistant sustainable bags with rain proof zippers for Men, Women, Boys and Girls, 750 Days warranty (Green)","1,600",3.9,(109),/uppercase-Backpack-2300EBP1-repellent-sustainable/dp/B0B69M182Q
Lino Perros quilted sling bag,"1,108",4.0,(46),/Lino-Perros-quilted-sling-bag/dp/B09P68T4BQ
Lino Perros leatherette Tote Bag,919,3.9,(484),/Lino-Perros-Womens-Tote-Multi-Colour/dp/B07JN6TTCK
Wildcraft 35 Ltrs 18.5 cms Backpack (11911 Grey_Grey),"1,224",4.2,(157),/Wildcraft-Solid-Backpack-Grey-11911/dp/B07N1CM9QS
HP Odyssey Backpack for 15.6-inch Laptop (Grey/Green),"2,459",4.5,"(5,131)",/HP-Odyssey-Backpack-15-6-inch-Laptop/dp/B012K57MYE
"AirCase Laptop Messenger Bag Case Cover Pouch for 13.3-Inch, 14-Inch, 15.6 -Inch Laptop Bag for Men & Women","1,199",3.8,(628),/AirCase-C30-Messenger-Compartments-Multi-Pockets/dp/B07V47HHRG
ASIAN Eco-Friendly Jute Bag-Reusable Tiffin Shopping Grocery Multipurpose Hand Bag with Zip & Handle for Men and Women (Pack of 1),189,3.9,(346),/Eco-Friendly-Bag-Reusable-Shopping-Grocery-Multipurpose/dp/B09B5CMMP1
Gear ECO1 24L Water Resistant Laptop Bag/Backpack/Office Bag for Men/Women- Grey-Black-Yellow,799,4.2,"(1,413)",/Gear-Polyester-Laptop-Backpack-LBPECONO10412/dp/B012NW0J30
Lavie Women's Ushawu Satchel Bag | Ladies Purse Handbag,"1,300",4.1,"(5,474)",/Lavie-Womens-Ushawu-Satchel-Handbag/dp/B0B3JBRB6J
ZOUK Black Floral Printed Handmade Vegan Leather Women's Office Bag for 15.6 inch Laptop with Double Handles - FloMotif,"1,699",4.4,"(1,694)",/FloMotif-Business-Shoulder-material-resistant/dp/B07NHYLTY7
The Clownfish Trident Series Laptop Briefcase 15.6 inch Laptop Bag Messenger Bag (Dark Brown),"1,819",4.4,(236),/Clownfish-Trident-Laptop-Briefcase-Messenger/dp/B079HZJTK2
ADISA Women's & Girls' Sling Bag,399,4.0,"(1,536)",/ADISA-Womens-Girls-Sling-SL5029-CRE_Off-White/dp/B083LCD3L4
"Aurion Vista Polyester Sports Gym Duffle Bag with Wet Pocket and Shoe Compartment - 1Pc (Blue, 24 Cms) | Lightweight Duffle Bags | Travel Duffel Backpack for Men and Women | Camping | Swimming | Yoga",299,4.1,(978),/Shoulder-Lightweight-Duffle-Weekend-Blue-Orange/dp/B09139DYF1
